{
  "income_p30": 112500.0,
  "income_q25": 112500.0,
  "ext1_median": 0.5059979305057544,
  "ext2_median": 0.5659614260608526,
  "ext3_median": 0.5172965813614878
}