{
  "run_timestamp": "2026-03-23T16:12:11.117993",
  "train_shape": [
    246008,
    569
  ],
  "test_shape": [
    61503,
    569
  ],
  "num_features": 567,
  "target_column": "TARGET",
  "model_params": {
    "C": 1.0,
    "class_weight": null,
    "dual": false,
    "fit_intercept": true,
    "intercept_scaling": 1,
    "l1_ratio": null,
    "max_iter": 1000,
    "multi_class": "auto",
    "n_jobs": -1,
    "penalty": "l2",
    "random_state": 42,
    "solver": "lbfgs",
    "tol": 0.0001,
    "verbose": 0,
    "warm_start": false
  },
  "train_accuracy": 0.919653,
  "n_iterations": 96,
  "converged": true,
  "test_auc_roc": 0.773312,
  "test_accuracy": 0.920215,
  "classification_report": {
    "0": {
      "precision": 0.9218150030228264,
      "recall": 0.9978421592557218,
      "f1-score": 0.9583230705203883,
      "support": 56538.0
    },
    "1": {
      "precision": 0.5960264900662252,
      "recall": 0.03625377643504532,
      "f1-score": 0.06835010442377065,
      "support": 4965.0
    },
    "accuracy": 0.9202152740516722,
    "macro avg": {
      "precision": 0.7589207465445258,
      "recall": 0.5170479678453835,
      "f1-score": 0.5133365874720794,
      "support": 61503.0
    },
    "weighted avg": {
      "precision": 0.8955148230831564,
      "recall": 0.9202152740516722,
      "f1-score": 0.8864775381614838,
      "support": 61503.0
    }
  },
  "confusion_matrix": [
    [
      56416,
      122
    ],
    [
      4785,
      180
    ]
  ]
}